{
    "acc": 0.819672131147541,
    "loss": 0.42485129051521175,
    "training_time": 50.028985023498535,
    "val_acc": 0.803921568627451,
    "val_loss": 0.46156345785053726,
    "step": 1
}